Workbook

Sheet How to use
B2: Ohmsight Risk-Based Electrical Review Model
B3: Deficiency taxonomy, evidence-based risk scoring, and code mapping. Version 0.2, September 2026. Author: Ezeoma (Lewis) Igwe.
B5: What this workbook does
B6: 1. Taxonomy: 60 recurring electrical design deficiencies in 7 groups (general documentation, PV, energy storage, emergency and standby, fire alarm, service and distribution, load calculations).
B7: 2. Risk model: Risk = Severity score x Frequency score (maximum 25). Deficiencies are ranked into a 'review first' order and three priority tiers.
B8: 3. Code mapping: each deficiency is linked to NEC 2023 and California Title 24 sections by number only. No code text is reproduced.
B10: How frequency is scored (the evidence method)
B11: Frequency is not guessed. It is scored from published sources listed on the Sources tab:
B12: - AHJ checklists: how many independent jurisdiction or code-body plan review checklists require or flag the item (CA, VA, AZ, WI, and ICC).
B13: - Industry sources: how many plan-set or engineering sources describe the item as a common reason plans are returned.
B14: - Top problem: whether any source names it as the most common or most often overlooked problem.
B15: The rules that turn these counts into a 1 to 5 score are on the Scales tab. The Field adjustment column (-2 to +2) lets the reviewer adjust each score from measured project data, with a note explaining why.
... B33: The NEC column is the part of the model that transfers directly to any U.S. jurisdiction that adopts the NEC.

Sheet Taxonomy and Risk
A1: Ohmsight deficiency taxonomy, evidence-based risk model, and code mapping
A2: Yellow = input. Frequency is scored from the published sources on the Sources tab; use Field adjustment only with a note. Code references are section numbers only.
A4: ID | B4: System | C4: Deficiency | D4: What the reviewer checks | E4: Severity category | F4: Severity score | G4: AHJ checklists citing | H4: Industry sources citing | I4: Named as top problem? | J4: Source IDs | K4: Evidence frequency | L4: Field adjustment | M4: Final frequency | N4: Risk score | O4: Priority tier | P4: Rank | Q4: NEC 2023 reference | R4: California Title 24 / other reference | S4: Reference check | T4: Notes | U4: Sort key
A5: GD-01 | B5: General documentation | C5: Wrong or outdated code edition cited on plans | D5: Code editions on cover sheet match the editions adopted by the jurisdiction | E5: Administrative | F5: =IFERROR(VLOOKUP(E5,Scales!$B$6:$C$9,2,FALSE()),0) -> 1 | G5: 0 | H5: 2 | I5: No | J5: S10, S11 | K5: =IF(AND(I5="Yes",G5+H5>=2),5,IF(OR(AND(H5>=1,G5>=1),G5>=3),4,IF(OR(G5>=2,H5>=1),3,IF(G5>=1,2,1)))) -> 3 | L5: 0 | M5: =MAX(1,MIN(5,K5+L5)) -> 3 | N5: =F5*M5 -> 3 | O5: =IF(N5>=Scales!$C$21,Scales!$B$21,IF(N5>=Scales!$C$22,Scales!$B$22,Scales!$B$23)) -> Tier 3: Spot check | P5: =RANK(U5,$U$5:$U$64,0)+COUNTIF($U$5:U5,U5)-1 -> 52 | Q5: 90.4 (enforcement) | R5: Title 24 Part 3 CEC 2025 (NEC 2023 base) | S5: Confirmed in source (S14) | U5: =N5*100+F5*10+K5 -> 313
A6: GD-02 | B6: General documentation | C6: One-line diagram missing required ratings or replaced by a riser diagram | D6: Conductors, OCPDs, disconnects, grounding, AIC and SCCR shown for service and feeders | E6: Administrative | F6: =IFERROR(VLOOKUP(E6,Scales!$B$6:$C$9,2,FALSE()),0) -> 1 | G6: 3 | H6: 1 | I6: No | J6: S4, S5, S6, S10 | K6: =IF(AND(I6="Yes",G6+H6>=2),5,IF(OR(AND(H6>=1,G6>=1),G6>=3),4,IF(OR(G6>=2,H6>=1),3,IF(G6>=1,2,1)))) -> 4 | L6: 0 | M6: =MAX(1,MIN(5,K6+L6)) -> 4 | N6: =F6*M6 -> 4 | O6: =IF(N6>=Scales!$C$21,Scales!$B$21,IF(N6>=Scales!$C$22,Scales!$B$22,Scales!$B$23)) -> Tier 3: Spot check | P6: =RANK(U6,$U$5:$U$64,0)+COUNTIF($U$5:U6,U6)-1 -> 51 | Q6: None (submittal requirement) | R6: Part 2 CBC Ch. 1 construction documents; local submittal rules | S6: Needs check | U6: =N6*100+F6*10+K6 -> 414
A7: GD-03 | B7: General documentation | C7: Resubmittal response letter does not address each correction | D7: Each correction answered with sheet and detail reference, not 'will comply' | E7: Administrative | F7: =IFERROR(VLOOKUP(E7,Scales!$B$6:$C$9,2,FALSE()),0) -> 1 | G7: 1 | H7: 0 | I7: No | J7: S4 | K7: =IF(AND(I7="Yes",G7+H7>=2),5,IF(OR(AND(H7>=1,G7>=1),G7>=3),4,IF(OR(G7>=2,H7>=1),3,IF(G7>=1,2,1)))) -> 2 | L7: 0 | M7: =MAX(1,MIN(5,K7+L7)) -> 2 | N7: =F7*M7 -> 2 | O7: =IF(N7>=Scales!$C$21,Scales!$B$21,IF(N7>=Scales!$C$22,Scales!$B$22,Scales!$B$23)) -> Tier 3: Spot check | P7: =RANK(U7,$U$5:$U$64,0)+COUNTIF($U$5:U7,U7)-1 -> 56 | Q7: None (process item) | R7: Local plan check procedures | S7: Not a code section | U7: =N7*100+F7*10+K7 -> 212
A8: PV-01 | B8: PV | C8: Maximum PV DC circuit voltage not calculated with low-temperature correction | D8: String Voc x temperature factor vs. inverter, module, and DC equipment ratings | E8: Fire | F8: =IFERROR(VLOOKUP(E8,Scales!$B$6:$C$9,2,FALSE()),0) -> 4 | G8: 1 | H8: 0 | I8: No | J8: S1 | K8: =IF(AND(I8="Yes",G8+H8>=2),5,IF(OR(AND(H8>=1,G8>=1),G8>=3),4,IF(OR(G8>=2,H8>=1),3,IF(G8>=1,2,1)))) -> 2 | L8: 0 | M8: =MAX(1,MIN(5,K8+L8)) -> 2 | N8: =F8*M8 -> 8 | O8: =IF(N8>=Scales!$C$21,Scales!$B$21,IF(N8>=Scales!$C$22,Scales!$B$22,Scales!$B$23)) -> Tier 2: Standard | P8: =RANK(U8,$U$5:$U$64,0)+COUNTIF($U$5:U8,U8)-1 -> 26 | Q8: 690.7 | R8: Part 3 CEC: same section | S8: Confirmed in source (S1) | U8: =N8*100+F8*10+K8 -> 842
A9: PV-02 | B9: PV | C9: PV circuit conductors or overcurrent devices not sized with required continuous-current factors | D9: Isc x 125% x 125%, ampacity after correction and adjustment, OCPD rating | E9: Fire | F9: =IFERROR(VLOOKUP(E9,Scales!$B$6:$C$9,2,FALSE()),0) -> 4 | G9: 1 | H9: 2 | I9: Yes | J9: S1, S10, S11 | K9: =IF(AND(I9="Yes",G9+H9>=2),5,IF(OR(AND(H9>=1,G9>=1),G9>=3),4,IF(OR(G9>=2,H9>=1),3,IF(G9>=1,2,1)))) -> 5 | L9: 0 | M9: =MAX(1,MIN(5,K9+L9)) -> 5 | N9: =F9*M9 -> 20 | O9: =IF(N9>=Scales!$C$21,Scales!$B$21,IF(N9>=Scales!$C$22,Scales!$B$22,Scales!$B$23)) -> Tier 1: Review first | P9: =RANK(U9,$U$5:$U$64,0)+COUNTIF($U$5:U9,U9)-1 -> 9 | Q9: 690.8; 690.9 | R9: Part 3 CEC: same sections | S9: Confirmed in source (S1) | U9: =N9*100+F9*10+K9 -> 2045
A10: PV-03 | B10: PV | C10: Rapid shutdown not specified or described only in vague notes | D10: Listed rapid shutdown method, initiation device location, array boundary | E10: Life safety | F10: =IFERROR(VLOOKUP(E10,Scales!$B$6:$C$9,2,FALSE()),0) -> 5 | G10: 1 | H10: 1 | I10: No | J10: S1, S11 | K10: =IF(AND(I10="Yes",G10+H10>=2),5,IF(OR(AND(H10>=1,G10>=1),G10>=3),4,IF(OR(G10>=2,H10>=1),3,IF(G10>=1,2,1)))) -> 4 | L10: 0 | M10: =MAX(1,MIN(5,K10+L10)) -> 4 | N10: =F10*M10 -> 20 | O10: =IF(N10>=Scales!$C$21,Scales!$B$21,IF(N10>=Scales!$C$22,Scales!$B$22,Scales!$B$23)) -> Tier 1: Review first | P10: =RANK(U10,$U$5:$U$64,0)+COUNTIF($U$5:U10,U10)-1 -> 3 | Q10: 690.12; 690.56(C) | R10: Part 3 CEC: same sections | S10: Confirmed in source (S1) | U10: =N10*100+F10*10+K10 -> 2054
A11: PV-04 | B11: PV | C11: Roof access pathways and setbacks for firefighters not shown | D11: Pathway widths, ridge setbacks, array layout on roof plan | E11: Life safety | F11: =IFERROR(VLOOKUP(E11,Scales!$B$6:$C$9,2,FALSE()),0) -> 5 | G11: 1 | H11: 2 | I11: Yes | J11: S1, S9, S11 | K11: =IF(AND(I11="Yes",G11+H11>=2),5,IF(OR(AND(H11>=1,G11>=1),G11>=3),4,IF(OR(G11>=2,H11>=1),3,IF(G11>=1,2,1)))) -> 5 | L11: 0 | M11: =MAX(1,MIN(5,K11+L11)) -> 5 | N11: =F11*M11 -> 25 | O11: =IF(N11>=Scales!$C$21,Scales!$B$21,IF(N11>=Scales!$C$22,Scales!$B$22,Scales!$B$23)) -> Tier 1: Review first | P11: =RANK(U11,$U$5:$U$64,0)+COUNTIF($U$5:U11,U11)-1 -> 1 | Q11: None (building and fire code item) | R11: Part 2 CBC 3111.3.4; Part 2.5 CRC R329.6 | S11: Confirmed in source (S1) | U11: =N11*100+F11*10+K11 -> 2555
A12: PV-05 | B12: PV | C12: Point of interconnection unclear or load-side connection exceeds busbar limits | D12: Load-side vs. supply-side clearly shown; 705.12(B)(3) option used and calculated | E12: Fire | F12: =IFERROR(VLOOKUP(E12,Scales!$B$6:$C$9,2,FALSE()),0) -> 4 | G12: 1 | H12: 1 | I12: Yes | J12: S1, S9 | K12: =IF(AND(I12="Yes",G12+H12>=2),5,IF(OR(AND(H12>=1,G12>=1),G12>=3),4,IF(OR(G12>=2,H12>=1),3,IF(G12>=1,2,1)))) -> 5 | L12: 0 | M12: =MAX(1,MIN(5,K12+L12)) -> 5 | N12: =F12*M12 -> 20 | O12: =IF(N12>=Scales!$C$21,Scales!$B$21,IF(N12>=Scales!$C$22,Scales!$B$22,Scales!$B$23)) -> Tier 1: Review first | P12: =RANK(U12,$U$5:$U$64,0)+COUNTIF($U$5:U12,U12)-1 -> 10 | Q12: 705.12(B)(3) | R12: Part 3 CEC: same section | S12: Confirmed in source (S1) | U12: =N12*100+F12*10+K12 -> 2045
A13: PV-06 | B13: PV | C13: Supply-side connection details incomplete | D13: Conductor sizing, OCPD, disconnect, and connection method ahead of service disconnect | E13: Fire | F13: =IFERROR(VLOOKUP(E13,Scales!$B$6:$C$9,2,FALSE()),0) -> 4 | G13: 0 | H13: 1 | I13: No | J13: S9 | K13: =IF(AND(I13="Yes",G13+H13>=2),5,IF(OR(AND(H13>=1,G13>=1),G13>=3),4,IF(OR(G13>=2,H13>=1),3,IF(G13>=1,2,1)))) -> 3 | L13: 0 | M13: =MAX(1,MIN(5,K13+L13)) -> 3 | N13: =F13*M13 -> 12 | O13: =IF(N13>=Scales!$C$21,Scales!$B$21,IF(N13>=Scales!$C$22,Scales!$B$22,Scales!$B$23)) -> Tier 2: Standard | P13: =RANK(U13,$U$5:$U$64,0)+COUNTIF($U$5:U13,U13)-1 -> 17 | Q13: 705.11 | R13: Part 3 CEC: same section | S13: Needs check | U13: =N13*100+F13*10+K13 -> 1243
A14: PV-07 | B14: PV | C14: PV disconnects not located, grouped, or identified as required | D14: AC and DC disconnect locations, grouping, AC disconnect within sight of inverter | E14: Life safety | F14: =IFERROR(VLOOKUP(E14,Scales!$B$6:$C$9,2,FALSE()),0) -> 5 | G14: 1 | H14: 0 | I14: No | J14: S1 | K14: =IF(AND(I14="Yes",G14+H14>=2),5,IF(OR(AND(H14>=1,G14>=1),G14>=3),4,IF(OR(G14>=2,H14>=1),3,IF(G14>=1,2,1)))) -> 2 | L14: 0 | M14: =MAX(1,MIN(5,K14+L14)) -> 2 | N14: =F14*M14 -> 10 | O14: =IF(N14>=Scales!$C$21,Scales!$B$21,IF(N14>=Scales!$C$22,Scales!$B$22,Scales!$B$23)) -> Tier 2: Standard | P14: =RANK(U14,$U$5:$U$64,0)+COUNTIF($U$5:U14,U14)-1 -> 18 | Q14: 690.13; 690.15; 705.20 | R14: Part 3 CEC: same sections | S14: Confirmed in source (S1) | U14: =N14*100+F14*10+K14 -> 1052
A15: PV-08 | B15: PV | C15: Required PV labels and power source directory missing | D15: Label schedule and directory showing all power sources and disconnect locations | E15: Administrative | F15: =IFERROR(VLOOKUP(E15,Scales!$B$6:$C$9,2,FALSE()),0) -> 1 | G15: 1 | H15: 1 | I15: Yes | J15: S1, S9 | K15: =IF(AND(I15="Yes",G15+H15>=2),5,IF(OR(AND(H15>=1,G15>=1),G15>=3),4,IF(OR(G15>=2,H15>=1),3,IF(G15>=1,2,1)))) -> 5 | L15: 0 | M15: =MAX(1,MIN(5,K15+L15)) -> 5 | N15: =F15*M15 -> 5 | O15: =IF(N15>=Scales!$C$21,Scales!$B$21,IF(N15>=Scales!$C$22,Scales!$B$22,Scales!$B$23)) -> Tier 3: Spot check | P15: =RANK(U15,$U$5:$U$64,0)+COUNTIF($U$5:U15,U15)-1 -> 44 | Q15: 690.13; 690.53; 690.56; 705.10 | R15: Part 3 CEC: same sections | S15: Confirmed in source (S1) | U15: =N15*100+F15*10+K15 -> 515
A16: PV-09 | B16: PV | C16: DC arc-fault circuit protection not specified | D16: Listed PV arc-fault protection for DC circuits at 80 V or more | E16: Fire | F16: =IFERROR(VLOOKUP(E16,Scales!$B$6:$C$9,2,FALSE()),0) -> 4 | G16: 1 | H16: 0 | I16: No | J16: S1 | K16: =IF(AND(I16="Yes",G16+H16>=2),5,IF(OR(AND(H16>=1,G16>=1),G16>=3),4,IF(OR(G16>=2,H16>=1),3,IF(G16>=1,2,1)))) -> 2 | L16: 0 | M16: =MAX(1,MIN(5,K16+L16)) -> 2 | N16: =F16*M16 -> 8 | O16: =IF(N16>=Scales!$C$21,Scales!$B$21,IF(N16>=Scales!$C$22,Scales!$B$22,Scales!$B$23)) -> Tier 2: Standard | P16: =RANK(U16,$U$5:$U$64,0)+COUNTIF($U$5:U16,U16)-1 -> 27 | Q16: 690.11 | R16: Part 3 CEC: same section | S16: Confirmed in source (S1) | U16: =N16*100+F16*10+K16 -> 842
... A64: LC-08 | B64: Load calculations | C64: Electric-ready requirements (heat pump, cooktop, dryer) not shown | D64: Dedicated circuits, panel space, and labeling for future electric appliances | E64: Administrative | F64: =IFERROR(VLOOKUP(E64,Scales!$B$6:$C$9,2,FALSE()),0) -> 1 | G64: 0 | H64: 0 | I64: No | J64: None found | K64: =IF(AND(I64="Yes",G64+H64>=2),5,IF(OR(AND(H64>=1,G64>=1),G64>=3),4,IF(OR(G64>=2,H64>=1),3,IF(G64>=1,2,1)))) -> 1 | L64: 0 | M64: =MAX(1,MIN(5,K64+L64)) -> 1 | N64: =F64*M64 -> 1 | O64: =IF(N64>=Scales!$C$21,Scales!$B$21,IF(N64>=Scales!$C$22,Scales!$B$22,Scales!$B$23)) -> Tier 3: Spot check | P64: =RANK(U64,$U$5:$U$64,0)+COUNTIF($U$5:U64,U64)-1 -> 60 | Q64: None (energy code item) | R64: Part 6 Energy Code 150.0 electric-ready provisions (verify subsections) | S64: Needs check | U64: =N64*100+F64*10+K64 -> 111

Sheet Review First
A1: Review-first order
A2: Sorted automatically by risk score; ties broken by severity, then evidence. Change inputs on Taxonomy and Risk, not here.
A4: Rank | B4: ID | C4: System | D4: Deficiency | E4: Severity category | F4: Final frequency | G4: Risk score | H4: Priority tier | I4: NEC 2023 reference | J4: Source IDs
A5: 1 | B5: =INDEX('Taxonomy and Risk'!$A$5:$A$64,MATCH($A5,'Taxonomy and Risk'!$P$5:$P$64,0)) -> PV-04 | C5: =INDEX('Taxonomy and Risk'!$B$5:$B$64,MATCH($A5,'Taxonomy and Risk'!$P$5:$P$64,0)) -> PV | D5: =INDEX('Taxonomy and Risk'!$C$5:$C$64,MATCH($A5,'Taxonomy and Risk'!$P$5:$P$64,0)) -> Roof access pathways and setbacks for firefighters not shown | E5: =INDEX('Taxonomy and Risk'!$E$5:$E$64,MATCH($A5,'Taxonomy and Risk'!$P$5:$P$64,0)) -> Life safety | F5: =INDEX('Taxonomy and Risk'!$M$5:$M$64,MATCH($A5,'Taxonomy and Risk'!$P$5:$P$64,0)) -> 5 | G5: =INDEX('Taxonomy and Risk'!$N$5:$N$64,MATCH($A5,'Taxonomy and Risk'!$P$5:$P$64,0)) -> 25 | H5: =INDEX('Taxonomy and Risk'!$O$5:$O$64,MATCH($A5,'Taxonomy and Risk'!$P$5:$P$64,0)) -> Tier 1: Review first | I5: =INDEX('Taxonomy and Risk'!$Q$5:$Q$64,MATCH($A5,'Taxonomy and Risk'!$P$5:$P$64,0)) -> None (building and fire code item) | J5: =INDEX('Taxonomy and Risk'!$J$5:$J$64,MATCH($A5,'Taxonomy and Risk'!$P$5:$P$64,0)) -> S1, S9, S11
A6: 2 | B6: =INDEX('Taxonomy and Risk'!$A$5:$A$64,MATCH($A6,'Taxonomy and Risk'!$P$5:$P$64,0)) -> SD-01 | C6: =INDEX('Taxonomy and Risk'!$B$5:$B$64,MATCH($A6,'Taxonomy and Risk'!$P$5:$P$64,0)) -> Service and distribution | D6: =INDEX('Taxonomy and Risk'!$C$5:$C$64,MATCH($A6,'Taxonomy and Risk'!$P$5:$P$64,0)) -> Available fault current not shown, or equipment ratings below it | E6: =INDEX('Taxonomy and Risk'!$E$5:$E$64,MATCH($A6,'Taxonomy and Risk'!$P$5:$P$64,0)) -> Life safety | F6: =INDEX('Taxonomy and Risk'!$M$5:$M$64,MATCH($A6,'Taxonomy and Risk'!$P$5:$P$64,0)) -> 5 | G6: =INDEX('Taxonomy and Risk'!$N$5:$N$64,MATCH($A6,'Taxonomy and Risk'!$P$5:$P$64,0)) -> 25 | H6: =INDEX('Taxonomy and Risk'!$O$5:$O$64,MATCH($A6,'Taxonomy and Risk'!$P$5:$P$64,0)) -> Tier 1: Review first | I6: =INDEX('Taxonomy and Risk'!$Q$5:$Q$64,MATCH($A6,'Taxonomy and Risk'!$P$5:$P$64,0)) -> 110.9; 110.10; 110.24 | J6: =INDEX('Taxonomy and Risk'!$J$5:$J$64,MATCH($A6,'Taxonomy and Risk'!$P$5:$P$64,0)) -> S4, S5, S6, S8, S10
A7: 3 | B7: =INDEX('Taxonomy and Risk'!$A$5:$A$64,MATCH($A7,'Taxonomy and Risk'!$P$5:$P$64,0)) -> PV-03 | C7: =INDEX('Taxonomy and Risk'!$B$5:$B$64,MATCH($A7,'Taxonomy and Risk'!$P$5:$P$64,0)) -> PV | D7: =INDEX('Taxonomy and Risk'!$C$5:$C$64,MATCH($A7,'Taxonomy and Risk'!$P$5:$P$64,0)) -> Rapid shutdown not specified or described only in vague notes | E7: =INDEX('Taxonomy and Risk'!$E$5:$E$64,MATCH($A7,'Taxonomy and Risk'!$P$5:$P$64,0)) -> Life safety | F7: =INDEX('Taxonomy and Risk'!$M$5:$M$64,MATCH($A7,'Taxonomy and Risk'!$P$5:$P$64,0)) -> 4 | G7: =INDEX('Taxonomy and Risk'!$N$5:$N$64,MATCH($A7,'Taxonomy and Risk'!$P$5:$P$64,0)) -> 20 | H7: =INDEX('Taxonomy and Risk'!$O$5:$O$64,MATCH($A7,'Taxonomy and Risk'!$P$5:$P$64,0)) -> Tier 1: Review first | I7: =INDEX('Taxonomy and Risk'!$Q$5:$Q$64,MATCH($A7,'Taxonomy and Risk'!$P$5:$P$64,0)) -> 690.12; 690.56(C) | J7: =INDEX('Taxonomy and Risk'!$J$5:$J$64,MATCH($A7,'Taxonomy and Risk'!$P$5:$P$64,0)) -> S1, S11
A8: 4 | B8: =INDEX('Taxonomy and Risk'!$A$5:$A$64,MATCH($A8,'Taxonomy and Risk'!$P$5:$P$64,0)) -> PV-10 | C8: =INDEX('Taxonomy and Risk'!$B$5:$B$64,MATCH($A8,'Taxonomy and Risk'!$P$5:$P$64,0)) -> PV | D8: =INDEX('Taxonomy and Risk'!$C$5:$C$64,MATCH($A8,'Taxonomy and Risk'!$P$5:$P$64,0)) -> PV grounding and bonding not detailed | E8: =INDEX('Taxonomy and Risk'!$E$5:$E$64,MATCH($A8,'Taxonomy and Risk'!$P$5:$P$64,0)) -> Life safety | F8: =INDEX('Taxonomy and Risk'!$M$5:$M$64,MATCH($A8,'Taxonomy and Risk'!$P$5:$P$64,0)) -> 4 | G8: =INDEX('Taxonomy and Risk'!$N$5:$N$64,MATCH($A8,'Taxonomy and Risk'!$P$5:$P$64,0)) -> 20 | H8: =INDEX('Taxonomy and Risk'!$O$5:$O$64,MATCH($A8,'Taxonomy and Risk'!$P$5:$P$64,0)) -> Tier 1: Review first | I8: =INDEX('Taxonomy and Risk'!$Q$5:$Q$64,MATCH($A8,'Taxonomy and Risk'!$P$5:$P$64,0)) -> 690.41; 690.43; 690.47; 250.66 | J8: =INDEX('Taxonomy and Risk'!$J$5:$J$64,MATCH($A8,'Taxonomy and Risk'!$P$5:$P$64,0)) -> S1, S10
A9: 5 | B9: =INDEX('Taxonomy and Risk'!$A$5:$A$64,MATCH($A9,'Taxonomy and Risk'!$P$5:$P$64,0)) -> EM-04 | C9: =INDEX('Taxonomy and Risk'!$B$5:$B$64,MATCH($A9,'Taxonomy and Risk'!$P$5:$P$64,0)) -> Emergency and standby | D9: =INDEX('Taxonomy and Risk'!$C$5:$C$64,MATCH($A9,'Taxonomy and Risk'!$P$5:$P$64,0)) -> Selective coordination not demonstrated | E9: =INDEX('Taxonomy and Risk'!$E$5:$E$64,MATCH($A9,'Taxonomy and Risk'!$P$5:$P$64,0)) -> Life safety | F9: =INDEX('Taxonomy and Risk'!$M$5:$M$64,MATCH($A9,'Taxonomy and Risk'!$P$5:$P$64,0)) -> 4 | G9: =INDEX('Taxonomy and Risk'!$N$5:$N$64,MATCH($A9,'Taxonomy and Risk'!$P$5:$P$64,0)) -> 20 | H9: =INDEX('Taxonomy and Risk'!$O$5:$O$64,MATCH($A9,'Taxonomy and Risk'!$P$5:$P$64,0)) -> Tier 1: Review first | I9: =INDEX('Taxonomy and Risk'!$Q$5:$Q$64,MATCH($A9,'Taxonomy and Risk'!$P$5:$P$64,0)) -> 700.32; 701.32; 620.62; 517.17 | J9: =INDEX('Taxonomy and Risk'!$J$5:$J$64,MATCH($A9,'Taxonomy and Risk'!$P$5:$P$64,0)) -> S4, S8
A10: 6 | B10: =INDEX('Taxonomy and Risk'!$A$5:$A$64,MATCH($A10,'Taxonomy and Risk'!$P$5:$P$64,0)) -> EM-08 | C10: =INDEX('Taxonomy and Risk'!$B$5:$B$64,MATCH($A10,'Taxonomy and Risk'!$P$5:$P$64,0)) -> Emergency and standby | D10: =INDEX('Taxonomy and Risk'!$C$5:$C$64,MATCH($A10,'Taxonomy and Risk'!$P$5:$P$64,0)) -> Means of egress illumination coverage or source not shown | E10: =INDEX('Taxonomy and Risk'!$E$5:$E$64,MATCH($A10,'Taxonomy and Risk'!$P$5:$P$64,0)) -> Life safety | F10: =INDEX('Taxonomy and Risk'!$M$5:$M$64,MATCH($A10,'Taxonomy and Risk'!$P$5:$P$64,0)) -> 4 | G10: =INDEX('Taxonomy and Risk'!$N$5:$N$64,MATCH($A10,'Taxonomy and Risk'!$P$5:$P$64,0)) -> 20 | H10: =INDEX('Taxonomy and Risk'!$O$5:$O$64,MATCH($A10,'Taxonomy and Risk'!$P$5:$P$64,0)) -> Tier 1: Review first | I10: =INDEX('Taxonomy and Risk'!$Q$5:$Q$64,MATCH($A10,'Taxonomy and Risk'!$P$5:$P$64,0)) -> 700.16 | J10: =INDEX('Taxonomy and Risk'!$J$5:$J$64,MATCH($A10,'Taxonomy and Risk'!$P$5:$P$64,0)) -> S4, S5, S6
A11: 7 | B11: =INDEX('Taxonomy and Risk'!$A$5:$A$64,MATCH($A11,'Taxonomy and Risk'!$P$5:$P$64,0)) -> SD-02 | C11: =INDEX('Taxonomy and Risk'!$B$5:$B$64,MATCH($A11,'Taxonomy and Risk'!$P$5:$P$64,0)) -> Service and distribution | D11: =INDEX('Taxonomy and Risk'!$C$5:$C$64,MATCH($A11,'Taxonomy and Risk'!$P$5:$P$64,0)) -> Working space or dedicated equipment space insufficient | E11: =INDEX('Taxonomy and Risk'!$E$5:$E$64,MATCH($A11,'Taxonomy and Risk'!$P$5:$P$64,0)) -> Life safety | F11: =INDEX('Taxonomy and Risk'!$M$5:$M$64,MATCH($A11,'Taxonomy and Risk'!$P$5:$P$64,0)) -> 4 | G11: =INDEX('Taxonomy and Risk'!$N$5:$N$64,MATCH($A11,'Taxonomy and Risk'!$P$5:$P$64,0)) -> 20 | H11: =INDEX('Taxonomy and Risk'!$O$5:$O$64,MATCH($A11,'Taxonomy and Risk'!$P$5:$P$64,0)) -> Tier 1: Review first | I11: =INDEX('Taxonomy and Risk'!$Q$5:$Q$64,MATCH($A11,'Taxonomy and Risk'!$P$5:$P$64,0)) -> 110.26 | J11: =INDEX('Taxonomy and Risk'!$J$5:$J$64,MATCH($A11,'Taxonomy and Risk'!$P$5:$P$64,0)) -> S4, S5, S6
A12: 8 | B12: =INDEX('Taxonomy and Risk'!$A$5:$A$64,MATCH($A12,'Taxonomy and Risk'!$P$5:$P$64,0)) -> SD-05 | C12: =INDEX('Taxonomy and Risk'!$B$5:$B$64,MATCH($A12,'Taxonomy and Risk'!$P$5:$P$64,0)) -> Service and distribution | D12: =INDEX('Taxonomy and Risk'!$C$5:$C$64,MATCH($A12,'Taxonomy and Risk'!$P$5:$P$64,0)) -> Grounding and bonding details or conductor sizes missing | E12: =INDEX('Taxonomy and Risk'!$E$5:$E$64,MATCH($A12,'Taxonomy and Risk'!$P$5:$P$64,0)) -> Life safety | F12: =INDEX('Taxonomy and Risk'!$M$5:$M$64,MATCH($A12,'Taxonomy and Risk'!$P$5:$P$64,0)) -> 4 | G12: =INDEX('Taxonomy and Risk'!$N$5:$N$64,MATCH($A12,'Taxonomy and Risk'!$P$5:$P$64,0)) -> 20 | H12: =INDEX('Taxonomy and Risk'!$O$5:$O$64,MATCH($A12,'Taxonomy and Risk'!$P$5:$P$64,0)) -> Tier 1: Review first | I12: =INDEX('Taxonomy and Risk'!$Q$5:$Q$64,MATCH($A12,'Taxonomy and Risk'!$P$5:$P$64,0)) -> 250.50; 250.52; 250.66; 250.122; 250.30 | J12: =INDEX('Taxonomy and Risk'!$J$5:$J$64,MATCH($A12,'Taxonomy and Risk'!$P$5:$P$64,0)) -> S4, S5, S6, S8, S10
A13: 9 | B13: =INDEX('Taxonomy and Risk'!$A$5:$A$64,MATCH($A13,'Taxonomy and Risk'!$P$5:$P$64,0)) -> PV-02 | C13: =INDEX('Taxonomy and Risk'!$B$5:$B$64,MATCH($A13,'Taxonomy and Risk'!$P$5:$P$64,0)) -> PV | D13: =INDEX('Taxonomy and Risk'!$C$5:$C$64,MATCH($A13,'Taxonomy and Risk'!$P$5:$P$64,0)) -> PV circuit conductors or overcurrent devices not sized with required continuous-current factors | E13: =INDEX('Taxonomy and Risk'!$E$5:$E$64,MATCH($A13,'Taxonomy and Risk'!$P$5:$P$64,0)) -> Fire | F13: =INDEX('Taxonomy and Risk'!$M$5:$M$64,MATCH($A13,'Taxonomy and Risk'!$P$5:$P$64,0)) -> 5 | G13: =INDEX('Taxonomy and Risk'!$N$5:$N$64,MATCH($A13,'Taxonomy and Risk'!$P$5:$P$64,0)) -> 20 | H13: =INDEX('Taxonomy and Risk'!$O$5:$O$64,MATCH($A13,'Taxonomy and Risk'!$P$5:$P$64,0)) -> Tier 1: Review first | I13: =INDEX('Taxonomy and Risk'!$Q$5:$Q$64,MATCH($A13,'Taxonomy and Risk'!$P$5:$P$64,0)) -> 690.8; 690.9 | J13: =INDEX('Taxonomy and Risk'!$J$5:$J$64,MATCH($A13,'Taxonomy and Risk'!$P$5:$P$64,0)) -> S1, S10, S11
A14: 10 | B14: =INDEX('Taxonomy and Risk'!$A$5:$A$64,MATCH($A14,'Taxonomy and Risk'!$P$5:$P$64,0)) -> PV-05 | C14: =INDEX('Taxonomy and Risk'!$B$5:$B$64,MATCH($A14,'Taxonomy and Risk'!$P$5:$P$64,0)) -> PV | D14: =INDEX('Taxonomy and Risk'!$C$5:$C$64,MATCH($A14,'Taxonomy and Risk'!$P$5:$P$64,0)) -> Point of interconnection unclear or load-side connection exceeds busbar limits | E14: =INDEX('Taxonomy and Risk'!$E$5:$E$64,MATCH($A14,'Taxonomy and Risk'!$P$5:$P$64,0)) -> Fire | F14: =INDEX('Taxonomy and Risk'!$M$5:$M$64,MATCH($A14,'Taxonomy and Risk'!$P$5:$P$64,0)) -> 5 | G14: =INDEX('Taxonomy and Risk'!$N$5:$N$64,MATCH($A14,'Taxonomy and Risk'!$P$5:$P$64,0)) -> 20 | H14: =INDEX('Taxonomy and Risk'!$O$5:$O$64,MATCH($A14,'Taxonomy and Risk'!$P$5:$P$64,0)) -> Tier 1: Review first | I14: =INDEX('Taxonomy and Risk'!$Q$5:$Q$64,MATCH($A14,'Taxonomy and Risk'!$P$5:$P$64,0)) -> 705.12(B)(3) | J14: =INDEX('Taxonomy and Risk'!$J$5:$J$64,MATCH($A14,'Taxonomy and Risk'!$P$5:$P$64,0)) -> S1, S9
A15: 11 | B15: =INDEX('Taxonomy and Risk'!$A$5:$A$64,MATCH($A15,'Taxonomy and Risk'!$P$5:$P$64,0)) -> SD-03 | C15: =INDEX('Taxonomy and Risk'!$B$5:$B$64,MATCH($A15,'Taxonomy and Risk'!$P$5:$P$64,0)) -> Service and distribution | D15: =INDEX('Taxonomy and Risk'!$C$5:$C$64,MATCH($A15,'Taxonomy and Risk'!$P$5:$P$64,0)) -> Panel schedules incomplete or panelboard rating inadequate | E15: =INDEX('Taxonomy and Risk'!$E$5:$E$64,MATCH($A15,'Taxonomy and Risk'!$P$5:$P$64,0)) -> Fire | F15: =INDEX('Taxonomy and Risk'!$M$5:$M$64,MATCH($A15,'Taxonomy and Risk'!$P$5:$P$64,0)) -> 5 | G15: =INDEX('Taxonomy and Risk'!$N$5:$N$64,MATCH($A15,'Taxonomy and Risk'!$P$5:$P$64,0)) -> 20 | H15: =INDEX('Taxonomy and Risk'!$O$5:$O$64,MATCH($A15,'Taxonomy and Risk'!$P$5:$P$64,0)) -> Tier 1: Review first | I15: =INDEX('Taxonomy and Risk'!$Q$5:$Q$64,MATCH($A15,'Taxonomy and Risk'!$P$5:$P$64,0)) -> 408.36 | J15: =INDEX('Taxonomy and Risk'!$J$5:$J$64,MATCH($A15,'Taxonomy and Risk'!$P$5:$P$64,0)) -> S4, S5, S6, S10
A16: 12 | B16: =INDEX('Taxonomy and Risk'!$A$5:$A$64,MATCH($A16,'Taxonomy and Risk'!$P$5:$P$64,0)) -> SD-04 | C16: =INDEX('Taxonomy and Risk'!$B$5:$B$64,MATCH($A16,'Taxonomy and Risk'!$P$5:$P$64,0)) -> Service and distribution | D16: =INDEX('Taxonomy and Risk'!$C$5:$C$64,MATCH($A16,'Taxonomy and Risk'!$P$5:$P$64,0)) -> Conductor ampacity wrong after correction, adjustment, or terminal limits | E16: =INDEX('Taxonomy and Risk'!$E$5:$E$64,MATCH($A16,'Taxonomy and Risk'!$P$5:$P$64,0)) -> Fire | F16: =INDEX('Taxonomy and Risk'!$M$5:$M$64,MATCH($A16,'Taxonomy and Risk'!$P$5:$P$64,0)) -> 5 | G16: =INDEX('Taxonomy and Risk'!$N$5:$N$64,MATCH($A16,'Taxonomy and Risk'!$P$5:$P$64,0)) -> 20 | H16: =INDEX('Taxonomy and Risk'!$O$5:$O$64,MATCH($A16,'Taxonomy and Risk'!$P$5:$P$64,0)) -> Tier 1: Review first | I16: =INDEX('Taxonomy and Risk'!$Q$5:$Q$64,MATCH($A16,'Taxonomy and Risk'!$P$5:$P$64,0)) -> 310.16; 240.4; 110.14(C) | J16: =INDEX('Taxonomy and Risk'!$J$5:$J$64,MATCH($A16,'Taxonomy and Risk'!$P$5:$P$64,0)) -> S4, S5, S10
... A64: 60 | B64: =INDEX('Taxonomy and Risk'!$A$5:$A$64,MATCH($A64,'Taxonomy and Risk'!$P$5:$P$64,0)) -> LC-08 | C64: =INDEX('Taxonomy and Risk'!$B$5:$B$64,MATCH($A64,'Taxonomy and Risk'!$P$5:$P$64,0)) -> Load calculations | D64: =INDEX('Taxonomy and Risk'!$C$5:$C$64,MATCH($A64,'Taxonomy and Risk'!$P$5:$P$64,0)) -> Electric-ready requirements (heat pump, cooktop, dryer) not shown | E64: =INDEX('Taxonomy and Risk'!$E$5:$E$64,MATCH($A64,'Taxonomy and Risk'!$P$5:$P$64,0)) -> Administrative | F64: =INDEX('Taxonomy and Risk'!$M$5:$M$64,MATCH($A64,'Taxonomy and Risk'!$P$5:$P$64,0)) -> 1 | G64: =INDEX('Taxonomy and Risk'!$N$5:$N$64,MATCH($A64,'Taxonomy and Risk'!$P$5:$P$64,0)) -> 1 | H64: =INDEX('Taxonomy and Risk'!$O$5:$O$64,MATCH($A64,'Taxonomy and Risk'!$P$5:$P$64,0)) -> Tier 3: Spot check | I64: =INDEX('Taxonomy and Risk'!$Q$5:$Q$64,MATCH($A64,'Taxonomy and Risk'!$P$5:$P$64,0)) -> None (energy code item) | J64: =INDEX('Taxonomy and Risk'!$J$5:$J$64,MATCH($A64,'Taxonomy and Risk'!$P$5:$P$64,0)) -> None found

Sheet Summary by System
A1: Summary by system
A3: System | B3: Deficiencies | C3: Tier 1 items | D3: Life-safety items | E3: Average risk score | F3: Highest risk score | G3: References confirmed in source
A4: General documentation | B4: =COUNTIF('Taxonomy and Risk'!$B$5:$B$64,A4) -> 3 | C4: =COUNTIFS('Taxonomy and Risk'!$B$5:$B$64,A4,'Taxonomy and Risk'!$O$5:$O$64,Scales!$B$21) -> 0 | D4: =COUNTIFS('Taxonomy and Risk'!$B$5:$B$64,A4,'Taxonomy and Risk'!$E$5:$E$64,"Life safety") -> 0 | E4: =IFERROR(AVERAGEIF('Taxonomy and Risk'!$B$5:$B$64,A4,'Taxonomy and Risk'!$N$5:$N$64),0) -> 3 | F4: =SUMPRODUCT(MAX(('Taxonomy and Risk'!$B$5:$B$64=A4)*'Taxonomy and Risk'!$N$5:$N$64)) -> 4 | G4: =COUNTIFS('Taxonomy and Risk'!$B$5:$B$64,A4,'Taxonomy and Risk'!$S$5:$S$64,"Confirmed*")&" of "&B4 -> 1 of 3
A5: PV | B5: =COUNTIF('Taxonomy and Risk'!$B$5:$B$64,A5) -> 13 | C5: =COUNTIFS('Taxonomy and Risk'!$B$5:$B$64,A5,'Taxonomy and Risk'!$O$5:$O$64,Scales!$B$21) -> 5 | D5: =COUNTIFS('Taxonomy and Risk'!$B$5:$B$64,A5,'Taxonomy and Risk'!$E$5:$E$64,"Life safety") -> 4 | E5: =IFERROR(AVERAGEIF('Taxonomy and Risk'!$B$5:$B$64,A5,'Taxonomy and Risk'!$N$5:$N$64),0) -> 12.615385 | F5: =SUMPRODUCT(MAX(('Taxonomy and Risk'!$B$5:$B$64=A5)*'Taxonomy and Risk'!$N$5:$N$64)) -> 25 | G5: =COUNTIFS('Taxonomy and Risk'!$B$5:$B$64,A5,'Taxonomy and Risk'!$S$5:$S$64,"Confirmed*")&" of "&B5 -> 9 of 13
A6: Energy storage | B6: =COUNTIF('Taxonomy and Risk'!$B$5:$B$64,A6) -> 7 | C6: =COUNTIFS('Taxonomy and Risk'!$B$5:$B$64,A6,'Taxonomy and Risk'!$O$5:$O$64,Scales!$B$21) -> 0 | D6: =COUNTIFS('Taxonomy and Risk'!$B$5:$B$64,A6,'Taxonomy and Risk'!$E$5:$E$64,"Life safety") -> 1 | E6: =IFERROR(AVERAGEIF('Taxonomy and Risk'!$B$5:$B$64,A6,'Taxonomy and Risk'!$N$5:$N$64),0) -> 7.5714286 | F6: =SUMPRODUCT(MAX(('Taxonomy and Risk'!$B$5:$B$64=A6)*'Taxonomy and Risk'!$N$5:$N$64)) -> 10 | G6: =COUNTIFS('Taxonomy and Risk'!$B$5:$B$64,A6,'Taxonomy and Risk'!$S$5:$S$64,"Confirmed*")&" of "&B6 -> 7 of 7
A7: Emergency and standby | B7: =COUNTIF('Taxonomy and Risk'!$B$5:$B$64,A7) -> 11 | C7: =COUNTIFS('Taxonomy and Risk'!$B$5:$B$64,A7,'Taxonomy and Risk'!$O$5:$O$64,Scales!$B$21) -> 2 | D7: =COUNTIFS('Taxonomy and Risk'!$B$5:$B$64,A7,'Taxonomy and Risk'!$E$5:$E$64,"Life safety") -> 7 | E7: =IFERROR(AVERAGEIF('Taxonomy and Risk'!$B$5:$B$64,A7,'Taxonomy and Risk'!$N$5:$N$64),0) -> 8.6363636 | F7: =SUMPRODUCT(MAX(('Taxonomy and Risk'!$B$5:$B$64=A7)*'Taxonomy and Risk'!$N$5:$N$64)) -> 20 | G7: =COUNTIFS('Taxonomy and Risk'!$B$5:$B$64,A7,'Taxonomy and Risk'!$S$5:$S$64,"Confirmed*")&" of "&B7 -> 6 of 11
A8: Fire alarm | B8: =COUNTIF('Taxonomy and Risk'!$B$5:$B$64,A8) -> 6 | C8: =COUNTIFS('Taxonomy and Risk'!$B$5:$B$64,A8,'Taxonomy and Risk'!$O$5:$O$64,Scales!$B$21) -> 0 | D8: =COUNTIFS('Taxonomy and Risk'!$B$5:$B$64,A8,'Taxonomy and Risk'!$E$5:$E$64,"Life safety") -> 5 | E8: =IFERROR(AVERAGEIF('Taxonomy and Risk'!$B$5:$B$64,A8,'Taxonomy and Risk'!$N$5:$N$64),0) -> 10.5 | F8: =SUMPRODUCT(MAX(('Taxonomy and Risk'!$B$5:$B$64=A8)*'Taxonomy and Risk'!$N$5:$N$64)) -> 15 | G8: =COUNTIFS('Taxonomy and Risk'!$B$5:$B$64,A8,'Taxonomy and Risk'!$S$5:$S$64,"Confirmed*")&" of "&B8 -> 4 of 6
A9: Service and distribution | B9: =COUNTIF('Taxonomy and Risk'!$B$5:$B$64,A9) -> 12 | C9: =COUNTIFS('Taxonomy and Risk'!$B$5:$B$64,A9,'Taxonomy and Risk'!$O$5:$O$64,Scales!$B$21) -> 5 | D9: =COUNTIFS('Taxonomy and Risk'!$B$5:$B$64,A9,'Taxonomy and Risk'!$E$5:$E$64,"Life safety") -> 7 | E9: =IFERROR(AVERAGEIF('Taxonomy and Risk'!$B$5:$B$64,A9,'Taxonomy and Risk'!$N$5:$N$64),0) -> 13.166667 | F9: =SUMPRODUCT(MAX(('Taxonomy and Risk'!$B$5:$B$64=A9)*'Taxonomy and Risk'!$N$5:$N$64)) -> 25 | G9: =COUNTIFS('Taxonomy and Risk'!$B$5:$B$64,A9,'Taxonomy and Risk'!$S$5:$S$64,"Confirmed*")&" of "&B9 -> 7 of 12
A10: Load calculations | B10: =COUNTIF('Taxonomy and Risk'!$B$5:$B$64,A10) -> 8 | C10: =COUNTIFS('Taxonomy and Risk'!$B$5:$B$64,A10,'Taxonomy and Risk'!$O$5:$O$64,Scales!$B$21) -> 1 | D10: =COUNTIFS('Taxonomy and Risk'!$B$5:$B$64,A10,'Taxonomy and Risk'!$E$5:$E$64,"Life safety") -> 0 | E10: =IFERROR(AVERAGEIF('Taxonomy and Risk'!$B$5:$B$64,A10,'Taxonomy and Risk'!$N$5:$N$64),0) -> 5.75 | F10: =SUMPRODUCT(MAX(('Taxonomy and Risk'!$B$5:$B$64=A10)*'Taxonomy and Risk'!$N$5:$N$64)) -> 20 | G10: =COUNTIFS('Taxonomy and Risk'!$B$5:$B$64,A10,'Taxonomy and Risk'!$S$5:$S$64,"Confirmed*")&" of "&B10 -> 4 of 8
A11: All systems | B11: =SUM(B4:B10) -> 60 | C11: =SUM(C4:C10) -> 13 | D11: =SUM(D4:D10) -> 24 | E11: =AVERAGE('Taxonomy and Risk'!$N$5:$N$64) -> 9.8 | F11: =MAX('Taxonomy and Risk'!$N$5:$N$64) -> 25 | G11: =COUNTIF('Taxonomy and Risk'!$S$5:$S$64,"Confirmed*")&" of "&B11 -> 38 of 60

Sheet Sources
A1: Evidence register
A2: Public documents only. S1 to S8 count toward AHJ or industry evidence as typed; S12 to S16 were used only to confirm code section numbers.
A4: ID | B4: Title | C4: Publisher | D4: Type | E4: Year | F4: Link | G4: Times cited in model
A5: S1 | B5: Solar PV System Plan Review List (2026 v1.0) | C5: County of Los Angeles Public Works, Building and Safety | D5: AHJ checklist (CA) | E5: 2026 | F5: https://dpw.lacounty.gov/bsd/lib/fp/Building/Solar%20Review/Solar%20PV%20System%20Plan%20Review%20List_2025_v1.0.pdf | G5: =COUNTIF('Taxonomy and Risk'!$J$5:$J$64,"*"&A5&",*")+COUNTIF('Taxonomy and Risk'!$J$5:$J$64,"*"&A5) -> 19
A6: S2 | B6: SFD Energy Correction List (2025 v1.0) | C6: County of Los Angeles Public Works, Building and Safety | D6: AHJ checklist (CA) | E6: 2025 | F6: https://pw.lacounty.gov/bsd/lib/fp/Building/Residential/SFD%20Energy%20Correction%20List_2025_V1.0.pdf | G6: =COUNTIF('Taxonomy and Risk'!$J$5:$J$64,"*"&A6&",*")+COUNTIF('Taxonomy and Risk'!$J$5:$J$64,"*"&A6) -> 2
A7: S3 | B7: PRC-07F Plan Review Checklist: Fire Alarm Systems | C7: City of Long Beach Development Services | D7: AHJ checklist (CA) | E7: 2026 | F7: https://longbeach.gov/globalassets/lbcd/media-library/documents/formsapplications/plan-review-checklists-prc/prc-07f-plan-review-checklist---fire-alarms-systems | G7: =COUNTIF('Taxonomy and Risk'!$J$5:$J$64,"*"&A7&",*")+COUNTIF('Taxonomy and Risk'!$J$5:$J$64,"*"&A7) -> 4
A8: S4 | B8: Electrical Plan Review Requirements (rev. 01-18-2025) | C8: City of Richmond, Virginia | D8: AHJ checklist (VA) | E8: 2025 | F8: https://www.rva.gov/sites/default/files/2025-02/Electrical-Handout_0.pdf | G8: =COUNTIF('Taxonomy and Risk'!$J$5:$J$64,"*"&A8&",*")+COUNTIF('Taxonomy and Risk'!$J$5:$J$64,"*"&A8) -> 15
A9: S5 | B9: Electrical Plan Review Checklist | C9: City of Phoenix Planning and Development | D9: AHJ checklist (AZ) | E9: n.d. | F9: https://www.phoenix.gov/content/dam/phoenix/pddsite/documents/trt/external/dsd_trt_pdf_00710.pdf | G9: =COUNTIF('Taxonomy and Risk'!$J$5:$J$64,"*"&A9&",*")+COUNTIF('Taxonomy and Risk'!$J$5:$J$64,"*"&A9) -> 14
A10: S6 | B10: Electrical Plan Review Requirements | C10: International Code Council | D10: National code body checklist | E10: n.d. | F10: https://www.iccsafe.org/wp-content/uploads/PR-Elec-Req.pdf | G10: =COUNTIF('Taxonomy and Risk'!$J$5:$J$64,"*"&A10&",*")+COUNTIF('Taxonomy and Risk'!$J$5:$J$64,"*"&A10) -> 9
A11: S7 | B11: Fire Alarm Plan Submittal Guidelines | C11: Wisconsin Dept. of Safety and Professional Services | D11: AHJ checklist (WI) | E11: n.d. | F11: https://dsps.wi.gov/Documents/Programs/FireSuppressAlarm/FireAlarmSubmittalGuidelines.pdf | G11: =COUNTIF('Taxonomy and Risk'!$J$5:$J$64,"*"&A11&",*")+COUNTIF('Taxonomy and Risk'!$J$5:$J$64,"*"&A11) -> 3
A12: S8 | B12: Electrical Plan Review (application note) | C12: Eaton Bussmann | D12: Industry technical guide | E12: n.d. | F12: https://www.eaton.com/content/dam/eaton/products/electrical-circuit-protection/fuses/technical-literature/bus-ele-an-3015-electrical-plan-review.pdf | G12: =COUNTIF('Taxonomy and Risk'!$J$5:$J$64,"*"&A12&",*")+COUNTIF('Taxonomy and Risk'!$J$5:$J$64,"*"&A12) -> 3
A13: S9 | B13: A Guide to PV Plan Sets and Critical Mistakes to Avoid | C13: GreenLancer (plan set provider, 200,000+ projects) | D13: Industry article | E13: n.d. | F13: https://www.greenlancer.com/post/solar-plan-sets | G13: =COUNTIF('Taxonomy and Risk'!$J$5:$J$64,"*"&A13&",*")+COUNTIF('Taxonomy and Risk'!$J$5:$J$64,"*"&A13) -> 5
A14: S10 | B14: Why Most Electrical Permit Drawings Get Rejected | C14: MHL Consulting | D14: Industry article | E14: n.d. | F14: https://www.mhlconsulting.co/post/why-most-electrical-permit-drawings-get-rejected-and-how-to-fix-it | G14: =COUNTIF('Taxonomy and Risk'!$J$5:$J$64,"*"&A14&",*")+COUNTIF('Taxonomy and Risk'!$J$5:$J$64,"*"&A14) -> 10
A15: S11 | B15: Solar Permit Rejections: 12 Reasons AHJs Send Plans Back | C15: Energyscape Renewables | D15: Industry article | E15: 2026 | F15: https://energyscaperenewables.com/post/solar-permit-rejections-2026/ | G15: =COUNTIF('Taxonomy and Risk'!$J$5:$J$64,"*"&A15&",*")+COUNTIF('Taxonomy and Risk'!$J$5:$J$64,"*"&A15) -> 5
A16: S12 | B16: 2023 NEC Updates for Energy Storage Systems | C16: Mayfield Renewables | D16: Code reference | E16: n.d. | F16: https://www.mayfield.energy/technical-articles/2023-nec-updates-for-energy-storage-systems/ | G16: =COUNTIF('Taxonomy and Risk'!$J$5:$J$64,"*"&A16&",*")+COUNTIF('Taxonomy and Risk'!$J$5:$J$64,"*"&A16) -> 0
... A20: S16 | B20: 706.10 Energy Storage System Locations | C20: UpCodes | D20: Code reference | E20: 2023 | F20: https://up.codes/s/energy-storage-system-locations | G20: =COUNTIF('Taxonomy and Risk'!$J$5:$J$64,"*"&A20&",*")+COUNTIF('Taxonomy and Risk'!$J$5:$J$64,"*"&A20) -> 0

Sheet Scales
B2: Scales and settings
B3: Yellow cells are adjustable. All scores reference these cells.
B5: Severity category | C5: Score | D5: Meaning
B6: Life safety | C6: 5 | D6: Failure could injure or kill occupants, workers, or first responders
B7: Fire | C7: 4 | D7: Failure could start or spread a fire or cause major property damage
B8: Equipment | C8: 2 | D8: Failure could damage equipment or cause outages, with limited safety impact
B9: Administrative | C9: 1 | D9: Documentation, labeling, or compliance gap; mainly causes resubmittals
B12: Evidence frequency score | C12: Rule (applied in order) | D12: Plain meaning
B13: 5 | C13: Named as a top or most-overlooked problem by a source, and cited by 2 or more sources in total | D13: Widely reported as a leading cause of corrections
B14: 4 | C14: Cited by at least 1 industry source and 1 AHJ checklist, or by 3 or more AHJ checklists | D14: Commonly flagged across jurisdictions
B15: 3 | C15: Cited by 2 AHJ checklists, or by at least 1 industry source | D15: Regularly flagged
B16: 2 | C16: Cited by 1 AHJ checklist | D16: Recognized review item
B17: 1 | C17: Code requirement with no published frequency signal found | D17: Not documented as common; calibrate with field data
B20: Priority tier | C20: Minimum risk score | D20: Meaning
B21: Tier 1: Review first | C21: 16 | D21: Check on every submittal before anything else
B22: Tier 2: Standard | C22: 8 | D22: Check on every submittal in normal order
B23: Tier 3: Spot check | C23: 0 | D23: Check when the project type makes it relevant
B25: Final frequency = evidence score + field adjustment, kept between 1 and 5. Life safety is weighted well above administrative items so that a frequent paperwork gap cannot outrank a comparable life-safety gap.
